Student_ID,Name,Department,Python,Mathematics,DBMS,Statistics,Attendance
STU001,Aarav,AIDS,85,78,90,82,92
STU002,Priya,AIDS,72,81,76,79,85
STU003,Rahul,AIDS,91,88,84,89,88
STU004,Ananya,AIDS,67,74,71,69,78
STU005,Vivaan,AIDS,95,92,94,91,96
STU006,Isha,AIDS,56,63,60,58,72
STU007,Aditya,AIDS,82,79,85,80,90
STU008,Meera,AIDS,74,68,77,72,81
STU009,Arjun,AIDS,89,85,91,87,94
STU010,Sneha,AIDS,61,57,65,60,76
STU011,Kabir,AIDS,78,83,80,75,86
STU012,Diya,AIDS,93,90,88,92,95
STU013,Rohan,AIDS,48,55,51,46,68
STU014,Neha,AIDS,69,72,68,71,79
STU015,Vihaan,AIDS,86,91,83,88,91
STU016,Anaya,AIDS,77,75,79,73,84
STU017,Krish,AIDS,92,87,90,94,97
STU018,Riya,AIDS,64,61,66,63,74
STU019,Dev,AIDS,81,84,78,85,89
STU020,Tanya,AIDS,58,62,55,60,77
STU021,Reyansh,AIDS,88,86,92,89,93
STU022,Avni,AIDS,73,70,75,78,82
STU023,Aryan,AIDS,96,94,91,95,98
STU024,Shreya,AIDS,66,69,64,68,80
STU025,Manav,AIDS,79,82,77,81,87
STU026,Kavya,AIDS,87,89,85,90,92
STU027,Om,AIDS,52,48,56,54,71
STU028,Nandini,AIDS,71,76,73,70,83
STU029,Yash,AIDS,84,80,86,82,90
STU030,Aditi,AIDS,90,93,89,91,96